{
	"info": {
		"_postman_id": "7577dd95-f399-45ab-82f9-7a329313474a",
		"name": "Ecommerce AV2",
		"schema": "https://schema.getpostman.com/json/collection/v2.1.0/collection.json",
		"_exporter_id": "34202529"
	},
	"item": [
		{
			"name": "Usuario",
			"item": [
				{
					"name": "Registrar Usuário",
					"request": {
						"method": "POST",
						"header": [],
						"body": {
							"mode": "raw",
							"raw": "{\r\n  \"nome\": \"Maria Silva\",\r\n  \"email\": \"maria@email.com\",\r\n  \"senha\": \"senhaforte123\",\r\n  \"telefone\": \"11988887777\",\r\n  \"rua\": \"Av. Paulista\",\r\n  \"numero\": \"1578\",\r\n  \"cidade\": \"São Paulo\",\r\n  \"estado\": \"SP\",\r\n  \"cep\": \"01310-200\",\r\n  \"complemento\": \"Apto 42\"\r\n}",
							"options": {
								"raw": {
									"language": "json"
								}
							}
						},
						"url": {
							"raw": "{{baseUrl}}/api/usuario/registrar",
							"host": [
								"{{baseUrl}}"
							],
							"path": [
								"api",
								"usuario",
								"registrar"
							]
						}
					},
					"response": []
				},
				{
					"name": "Login",
					"request": {
						"method": "POST",
						"header": [],
						"body": {
							"mode": "raw",
							"raw": "{\r\n  \"email\": \"maria@email.com\",\r\n  \"senha\": \"senhaforte123\"\r\n}",
							"options": {
								"raw": {
									"language": "json"
								}
							}
						},
						"url": {
							"raw": "{{baseUrl}}/api/usuario/login",
							"host": [
								"{{baseUrl}}"
							],
							"path": [
								"api",
								"usuario",
								"login"
							]
						}
					},
					"response": []
				},
				{
					"name": "Informações do Usuário",
					"request": {
						"method": "GET",
						"header": [],
						"url": {
							"raw": "{{baseUrl}}/api/usuario/{id_usuario}",
							"host": [
								"{{baseUrl}}"
							],
							"path": [
								"api",
								"usuario",
								"{id_usuario}"
							]
						}
					},
					"response": []
				},
				{
					"name": "Atualizar Endereço",
					"request": {
						"method": "PUT",
						"header": [],
						"body": {
							"mode": "raw",
							"raw": "{\r\n  \"rua\": \"Rua Nova\",\r\n  \"numero\": \"50\",\r\n  \"cidade\": \"Rio de Janeiro\",\r\n  \"estado\": \"RJ\",\r\n  \"cep\": \"20000-000\",\r\n  \"complemento\": \"Casa\"\r\n}",
							"options": {
								"raw": {
									"language": "json"
								}
							}
						},
						"url": {
							"raw": "{{baseUrl}}/api/usuario/{id_usuario}/endereco",
							"host": [
								"{{baseUrl}}"
							],
							"path": [
								"api",
								"usuario",
								"{id_usuario}",
								"endereco"
							]
						}
					},
					"response": []
				},
				{
					"name": "Atualizar Perfil (Dados Pessoais)",
					"request": {
						"method": "PUT",
						"header": [],
						"body": {
							"mode": "raw",
							"raw": "{\r\n  \"nome\": \"Maria Silva Souza\",\r\n  \"telefone\": \"11999990000\"\r\n}",
							"options": {
								"raw": {
									"language": "json"
								}
							}
						},
						"url": {
							"raw": "{{baseUrl}}/api/usuario/{id_usuario}/perfil",
							"host": [
								"{{baseUrl}}"
							],
							"path": [
								"api",
								"usuario",
								"{id_usuario}",
								"perfil"
							]
						}
					},
					"response": []
				},
				{
					"name": "Excluir Usuário",
					"request": {
						"method": "DELETE",
						"header": [],
						"url": {
							"raw": "{{baseUrl}}/api/usuario/{id_usuario}",
							"host": [
								"{{baseUrl}}"
							],
							"path": [
								"api",
								"usuario",
								"{id_usuario}"
							]
						}
					},
					"response": []
				}
			]
		},
		{
			"name": "Categoria",
			"item": [
				{
					"name": "Criar Categoria",
					"request": {
						"method": "POST",
						"header": [],
						"body": {
							"mode": "raw",
							"raw": "{\r\n  \"nome\": \"Informática\",\r\n  \"descricao\": \"Computadores e periféricos\"\r\n}",
							"options": {
								"raw": {
									"language": "json"
								}
							}
						},
						"url": {
							"raw": "{{baseUrl}}/api/categoria",
							"host": [
								"{{baseUrl}}"
							],
							"path": [
								"api",
								"categoria"
							]
						}
					},
					"response": []
				},
				{
					"name": "Listar Categorias",
					"request": {
						"method": "GET",
						"header": [],
						"url": {
							"raw": "{{baseUrl}}/api/categoria",
							"host": [
								"{{baseUrl}}"
							],
							"path": [
								"api",
								"categoria"
							]
						}
					},
					"response": []
				},
				{
					"name": "Atualizar Categoria",
					"request": {
						"method": "PUT",
						"header": [],
						"body": {
							"mode": "raw",
							"raw": "{\r\n  \"nome\": \"Eletrodomésticos\",\r\n  \"descricao\": \"Linha branca e cozinha\"\r\n}",
							"options": {
								"raw": {
									"language": "json"
								}
							}
						},
						"url": {
							"raw": "{{baseUrl}}/api/categoria/{id_categoria}",
							"host": [
								"{{baseUrl}}"
							],
							"path": [
								"api",
								"categoria",
								"{id_categoria}"
							]
						}
					},
					"response": []
				},
				{
					"name": "Remover Categoria",
					"request": {
						"method": "DELETE",
						"header": [],
						"url": {
							"raw": "{{baseUrl}}/api/categoria/{id_categoria}",
							"host": [
								"{{baseUrl}}"
							],
							"path": [
								"api",
								"categoria",
								"{id_categoria}"
							]
						}
					},
					"response": []
				}
			]
		},
		{
			"name": "Produto",
			"item": [
				{
					"name": "Cadastrar Produto",
					"request": {
						"method": "POST",
						"header": [],
						"body": {
							"mode": "raw",
							"raw": "{\r\n  \"nome\": \"Iphone 13\",\r\n  \"descricao\": \"Novo\",\r\n  \"preco\": 4000.00,\r\n  \"estoqueInicial\": 20,\r\n  \"categoriaId\": \"COLE_O_ID_DA_CATEGORIA_AQUI\"\r\n}",
							"options": {
								"raw": {
									"language": "json"
								}
							}
						},
						"url": {
							"raw": "{{baseUrl}}/api/produto",
							"host": [
								"{{baseUrl}}"
							],
							"path": [
								"api",
								"produto"
							]
						}
					},
					"response": []
				},
				{
					"name": "Repor Estoque",
					"request": {
						"method": "POST",
						"header": [],
						"body": {
							"mode": "raw",
							"raw": "// Apenas o número (inteiro).\r\n5",
							"options": {
								"raw": {
									"language": "json"
								}
							}
						},
						"url": {
							"raw": "{{baseUrl}}/api/produto/{id_produto}/repor-estoque",
							"host": [
								"{{baseUrl}}"
							],
							"path": [
								"api",
								"produto",
								"{id_produto}",
								"repor-estoque"
							]
						}
					},
					"response": []
				},
				{
					"name": "Listar Produtos",
					"request": {
						"method": "GET",
						"header": [],
						"url": {
							"raw": "{{baseUrl}}/api/produto",
							"host": [
								"{{baseUrl}}"
							],
							"path": [
								"api",
								"produto"
							]
						}
					},
					"response": []
				},
				{
					"name": "Atualizar Produto",
					"request": {
						"method": "PUT",
						"header": [],
						"body": {
							"mode": "raw",
							"raw": "{\r\n  \"nome\": \"Notebook Gamer Pro\",\r\n  \"descricao\": \"Core i9, 32GB RAM\",\r\n  \"preco\": 6000.00,\r\n  \"categoriaId\": \"COLE_O_GUID_DA_CATEGORIA_AQUI\"\r\n}",
							"options": {
								"raw": {
									"language": "json"
								}
							}
						},
						"url": {
							"raw": "{{baseUrl}}/api/produto/{id_produto}",
							"host": [
								"{{baseUrl}}"
							],
							"path": [
								"api",
								"produto",
								"{id_produto}"
							]
						}
					},
					"response": []
				},
				{
					"name": "Desativar Produto",
					"request": {
						"method": "DELETE",
						"header": [],
						"url": {
							"raw": "{{baseUrl}}/api/produto/{id_produto}",
							"host": [
								"{{baseUrl}}"
							],
							"path": [
								"api",
								"produto",
								"{id_produto}"
							]
						}
					},
					"response": []
				}
			]
		},
		{
			"name": "Carrinho",
			"item": [
				{
					"name": "Adicionar Item",
					"request": {
						"method": "POST",
						"header": [],
						"body": {
							"mode": "raw",
							"raw": "{\r\n  \"usuarioId\": \"COLE_O_ID_DO_USUARIO_AQUI\",\r\n  \"produtoId\": \"COLE_O_ID_DO_PRODUTO_AQUI\",\r\n  \"quantidade\": 1\r\n}",
							"options": {
								"raw": {
									"language": "json"
								}
							}
						},
						"url": {
							"raw": "{{baseUrl}}/api/carrinho/adicionar",
							"host": [
								"{{baseUrl}}"
							],
							"path": [
								"api",
								"carrinho",
								"adicionar"
							]
						}
					},
					"response": []
				},
				{
					"name": "Ver Carrinho",
					"request": {
						"method": "GET",
						"header": [],
						"url": {
							"raw": "{{baseUrl}}/api/carrinho/{id_usuario}",
							"host": [
								"{{baseUrl}}"
							],
							"path": [
								"api",
								"carrinho",
								"{id_usuario}"
							]
						}
					},
					"response": []
				},
				{
					"name": "Remover Item",
					"request": {
						"method": "DELETE",
						"header": [],
						"url": {
							"raw": "{{baseUrl}}/api/carrinho/item/{ID_PRODUTO}?usuarioId={ID_USUARIO}",
							"host": [
								"{{baseUrl}}"
							],
							"path": [
								"api",
								"carrinho",
								"item",
								"{ID_PRODUTO}"
							],
							"query": [
								{
									"key": "usuarioId",
									"value": "{ID_USUARIO}"
								}
							]
						}
					},
					"response": []
				},
				{
					"name": "Atualizar Quantidade Item",
					"request": {
						"method": "PUT",
						"header": [],
						"body": {
							"mode": "raw",
							"raw": "{\r\n  \"usuarioId\": \"COLE_AQUI_O_GUID_DO_USUARIO\",\r\n  \"novaQuantidade\": 5\r\n}",
							"options": {
								"raw": {
									"language": "json"
								}
							}
						},
						"url": {
							"raw": "{{baseUrl}}/api/carrinho/item/{id_produto}",
							"host": [
								"{{baseUrl}}"
							],
							"path": [
								"api",
								"carrinho",
								"item",
								"{id_produto}"
							]
						}
					},
					"response": []
				}
			]
		},
		{
			"name": "Pedido",
			"item": [
				{
					"name": "Finalizar (Pagamento PIX)",
					"request": {
						"method": "POST",
						"header": [],
						"body": {
							"mode": "raw",
							"raw": "{\r\n  \"usuarioId\": \"COLE_O_ID_DO_USUARIO_AQUI\",\r\n  \"metodoPagamento\": \"pix\",\r\n  \"chavePix\": \"minha-chave-pix-123\"\r\n}",
							"options": {
								"raw": {
									"language": "json"
								}
							}
						},
						"url": {
							"raw": "{{baseUrl}}/api/pedido/finalizar",
							"host": [
								"{{baseUrl}}"
							],
							"path": [
								"api",
								"pedido",
								"finalizar"
							]
						}
					},
					"response": []
				},
				{
					"name": "Finalizar (Pagamento Cartão)",
					"request": {
						"method": "POST",
						"header": [],
						"body": {
							"mode": "raw",
							"raw": "{\r\n  \"usuarioId\": \"COLE_O_ID_DO_USUARIO_AQUI\",\r\n  \"metodoPagamento\": \"cartao\",\r\n  \"numeroCartao\": \"1234567812345678\",\r\n  \"parcelas\": 5\r\n}",
							"options": {
								"raw": {
									"language": "json"
								}
							}
						},
						"url": {
							"raw": "{{baseUrl}}/api/pedido/finalizar",
							"host": [
								"{{baseUrl}}"
							],
							"path": [
								"api",
								"pedido",
								"finalizar"
							]
						}
					},
					"response": []
				},
				{
					"name": "Cancelar Pedido",
					"request": {
						"method": "POST",
						"header": [],
						"url": {
							"raw": "{{baseUrl}}/api/pedido/{id_pedido}/cancelar",
							"host": [
								"{{baseUrl}}"
							],
							"path": [
								"api",
								"pedido",
								"{id_pedido}",
								"cancelar"
							]
						}
					},
					"response": []
				}
			]
		},
		{
			"name": "Listar Produtos",
			"request": {
				"method": "GET",
				"header": [],
				"url": {
					"raw": "{{baseUrl}}/api/produto",
					"host": [
						"{{baseUrl}}"
					],
					"path": [
						"api",
						"produto"
					]
				}
			},
			"response": []
		}
	],
	"event": [
		{
			"listen": "prerequest",
			"script": {
				"type": "text/javascript",
				"packages": {},
				"requests": {},
				"exec": [
					""
				]
			}
		},
		{
			"listen": "test",
			"script": {
				"type": "text/javascript",
				"packages": {},
				"requests": {},
				"exec": [
					""
				]
			}
		}
	],
	"variable": [
		{
			"key": "baseUrl",
			"value": "",
			"type": "default"
		}
	]
}